﻿<error errorId="77eb1ab3-5559-4975-933a-141f1a892395" application="/LM/W3SVC/1/ROOT/CustomerAccessFrontEnd" host="SOFRELAB-IIS1" type="System.Web.HttpException" message="The controller for path '/CustomerAccessFrontEnd/logout.fcc' was not found or does not implement IController." source="System.Web.Mvc" detail="System.Web.HttpException (0x80004005): The controller for path '/CustomerAccessFrontEnd/logout.fcc' was not found or does not implement IController.&#xD;&#xA;   en System.Web.Mvc.DefaultControllerFactory.GetControllerInstance(RequestContext requestContext, Type controllerType)&#xD;&#xA;   en System.Web.Mvc.DefaultControllerFactory.CreateController(RequestContext requestContext, String controllerName)&#xD;&#xA;   en System.Web.Mvc.MvcHandler.ProcessRequestInit(HttpContextBase httpContext, IController&amp; controller, IControllerFactory&amp; factory)&#xD;&#xA;   en System.Web.Mvc.MvcHandler.BeginProcessRequest(HttpContextBase httpContext, AsyncCallback callback, Object state)&#xD;&#xA;   en System.Web.HttpApplication.CallHandlerExecutionStep.System.Web.HttpApplication.IExecutionStep.Execute()&#xD;&#xA;   en System.Web.HttpApplication.ExecuteStep(IExecutionStep step, Boolean&amp; completedSynchronously)" time="2018-04-10T19:00:00.5511268Z" statusCode="404">
  <serverVariables>
    <item name="ALL_HTTP">
      <value string="HTTP_CACHE_CONTROL:max-age=0&#xD;&#xA;HTTP_CONNECTION:keep-alive&#xD;&#xA;HTTP_ACCEPT:text/html,application/xhtml+xml,application/xml;q=0.9,image/webp,image/apng,*/*;q=0.8&#xD;&#xA;HTTP_ACCEPT_ENCODING:gzip, deflate&#xD;&#xA;HTTP_ACCEPT_LANGUAGE:en-US,en;q=0.9,es;q=0.8&#xD;&#xA;HTTP_COOKIE:__RequestVerificationToken_L0N1c3RvbWVyQWNjZXNz0=vStyY4wZWM8mk4d11L3mYAU2ucbD_Rgvc9MXoZb_7mF43rJG0H9-wUECamCikIVViYjgp5N-bDUt-0YWcHMxthf_Gang7NTYLxn_D9wfk2s1; __RequestVerificationToken_L0N1c3RvbWVyQWNjZXNzRnJvbnRFbmQ1=IS7FTmv23p-Na0EzZszoJci8no1-29-c0VNvdgEO9tQWK11XKEiaJl8rjo9wiEp1DRNw2FURZK8nTvhU_8admFYvpPk_j2cuQ8gPpUTo5nU1; ASP.NET_SessionId=kivul2wonx4ebmzwtgtwuorz; __RequestVerificationToken_L0N1c3RvbWVyQWNjZXNzRnJvbnRFbmQtZGV20=ZeBoTubvbGpFCpVXQ9Igm8uajuxWKwU1ooHMLqnw-VPWNEJGMVrg9CJecq2dl1lxtyDd5jvMBt-Sz8hmAu-bnXpm_IsqrO6eQY95kxvMbTU1&#xD;&#xA;HTTP_HOST:sofrelab-iis1.cloudapp.net&#xD;&#xA;HTTP_REFERER:http://sofrelab-iis1.cloudapp.net/CustomerAccessFrontEnd/Policies/Policies&#xD;&#xA;HTTP_USER_AGENT:Mozilla/5.0 (Windows NT 6.3; Win64; x64) AppleWebKit/537.36 (KHTML, like Gecko) Chrome/65.0.3325.181 Safari/537.36&#xD;&#xA;HTTP_UPGRADE_INSECURE_REQUESTS:1&#xD;&#xA;" />
    </item>
    <item name="ALL_RAW">
      <value string="Cache-Control: max-age=0&#xD;&#xA;Connection: keep-alive&#xD;&#xA;Accept: text/html,application/xhtml+xml,application/xml;q=0.9,image/webp,image/apng,*/*;q=0.8&#xD;&#xA;Accept-Encoding: gzip, deflate&#xD;&#xA;Accept-Language: en-US,en;q=0.9,es;q=0.8&#xD;&#xA;Cookie: __RequestVerificationToken_L0N1c3RvbWVyQWNjZXNz0=vStyY4wZWM8mk4d11L3mYAU2ucbD_Rgvc9MXoZb_7mF43rJG0H9-wUECamCikIVViYjgp5N-bDUt-0YWcHMxthf_Gang7NTYLxn_D9wfk2s1; __RequestVerificationToken_L0N1c3RvbWVyQWNjZXNzRnJvbnRFbmQ1=IS7FTmv23p-Na0EzZszoJci8no1-29-c0VNvdgEO9tQWK11XKEiaJl8rjo9wiEp1DRNw2FURZK8nTvhU_8admFYvpPk_j2cuQ8gPpUTo5nU1; ASP.NET_SessionId=kivul2wonx4ebmzwtgtwuorz; __RequestVerificationToken_L0N1c3RvbWVyQWNjZXNzRnJvbnRFbmQtZGV20=ZeBoTubvbGpFCpVXQ9Igm8uajuxWKwU1ooHMLqnw-VPWNEJGMVrg9CJecq2dl1lxtyDd5jvMBt-Sz8hmAu-bnXpm_IsqrO6eQY95kxvMbTU1&#xD;&#xA;Host: sofrelab-iis1.cloudapp.net&#xD;&#xA;Referer: http://sofrelab-iis1.cloudapp.net/CustomerAccessFrontEnd/Policies/Policies&#xD;&#xA;User-Agent: Mozilla/5.0 (Windows NT 6.3; Win64; x64) AppleWebKit/537.36 (KHTML, like Gecko) Chrome/65.0.3325.181 Safari/537.36&#xD;&#xA;Upgrade-Insecure-Requests: 1&#xD;&#xA;" />
    </item>
    <item name="APPL_MD_PATH">
      <value string="/LM/W3SVC/1/ROOT/CustomerAccessFrontEnd" />
    </item>
    <item name="APPL_PHYSICAL_PATH">
      <value string="C:\inetpub\wwwroot\CustomerAccessFrontEnd\" />
    </item>
    <item name="AUTH_TYPE">
      <value string="" />
    </item>
    <item name="AUTH_USER">
      <value string="" />
    </item>
    <item name="AUTH_PASSWORD">
      <value string="*****" />
    </item>
    <item name="LOGON_USER">
      <value string="" />
    </item>
    <item name="REMOTE_USER">
      <value string="" />
    </item>
    <item name="CERT_COOKIE">
      <value string="" />
    </item>
    <item name="CERT_FLAGS">
      <value string="" />
    </item>
    <item name="CERT_ISSUER">
      <value string="" />
    </item>
    <item name="CERT_KEYSIZE">
      <value string="" />
    </item>
    <item name="CERT_SECRETKEYSIZE">
      <value string="" />
    </item>
    <item name="CERT_SERIALNUMBER">
      <value string="" />
    </item>
    <item name="CERT_SERVER_ISSUER">
      <value string="" />
    </item>
    <item name="CERT_SERVER_SUBJECT">
      <value string="" />
    </item>
    <item name="CERT_SUBJECT">
      <value string="" />
    </item>
    <item name="CONTENT_LENGTH">
      <value string="0" />
    </item>
    <item name="CONTENT_TYPE">
      <value string="" />
    </item>
    <item name="GATEWAY_INTERFACE">
      <value string="CGI/1.1" />
    </item>
    <item name="HTTPS">
      <value string="off" />
    </item>
    <item name="HTTPS_KEYSIZE">
      <value string="" />
    </item>
    <item name="HTTPS_SECRETKEYSIZE">
      <value string="" />
    </item>
    <item name="HTTPS_SERVER_ISSUER">
      <value string="" />
    </item>
    <item name="HTTPS_SERVER_SUBJECT">
      <value string="" />
    </item>
    <item name="INSTANCE_ID">
      <value string="1" />
    </item>
    <item name="INSTANCE_META_PATH">
      <value string="/LM/W3SVC/1" />
    </item>
    <item name="LOCAL_ADDR">
      <value string="192.168.0.10" />
    </item>
    <item name="PATH_INFO">
      <value string="/CustomerAccessFrontEnd/logout.fcc" />
    </item>
    <item name="PATH_TRANSLATED">
      <value string="C:\inetpub\wwwroot\CustomerAccessFrontEnd\logout.fcc" />
    </item>
    <item name="QUERY_STRING">
      <value string="" />
    </item>
    <item name="REMOTE_ADDR">
      <value string="190.111.231.181" />
    </item>
    <item name="REMOTE_HOST">
      <value string="190.111.231.181" />
    </item>
    <item name="REMOTE_PORT">
      <value string="7711" />
    </item>
    <item name="REQUEST_METHOD">
      <value string="GET" />
    </item>
    <item name="SCRIPT_NAME">
      <value string="/CustomerAccessFrontEnd/logout.fcc" />
    </item>
    <item name="SERVER_NAME">
      <value string="sofrelab-iis1.cloudapp.net" />
    </item>
    <item name="SERVER_PORT">
      <value string="80" />
    </item>
    <item name="SERVER_PORT_SECURE">
      <value string="0" />
    </item>
    <item name="SERVER_PROTOCOL">
      <value string="HTTP/1.1" />
    </item>
    <item name="SERVER_SOFTWARE">
      <value string="Microsoft-IIS/7.5" />
    </item>
    <item name="URL">
      <value string="/CustomerAccessFrontEnd/logout.fcc" />
    </item>
    <item name="HTTP_CACHE_CONTROL">
      <value string="max-age=0" />
    </item>
    <item name="HTTP_CONNECTION">
      <value string="keep-alive" />
    </item>
    <item name="HTTP_ACCEPT">
      <value string="text/html,application/xhtml+xml,application/xml;q=0.9,image/webp,image/apng,*/*;q=0.8" />
    </item>
    <item name="HTTP_ACCEPT_ENCODING">
      <value string="gzip, deflate" />
    </item>
    <item name="HTTP_ACCEPT_LANGUAGE">
      <value string="en-US,en;q=0.9,es;q=0.8" />
    </item>
    <item name="HTTP_COOKIE">
      <value string="__RequestVerificationToken_L0N1c3RvbWVyQWNjZXNz0=vStyY4wZWM8mk4d11L3mYAU2ucbD_Rgvc9MXoZb_7mF43rJG0H9-wUECamCikIVViYjgp5N-bDUt-0YWcHMxthf_Gang7NTYLxn_D9wfk2s1; __RequestVerificationToken_L0N1c3RvbWVyQWNjZXNzRnJvbnRFbmQ1=IS7FTmv23p-Na0EzZszoJci8no1-29-c0VNvdgEO9tQWK11XKEiaJl8rjo9wiEp1DRNw2FURZK8nTvhU_8admFYvpPk_j2cuQ8gPpUTo5nU1; ASP.NET_SessionId=kivul2wonx4ebmzwtgtwuorz; __RequestVerificationToken_L0N1c3RvbWVyQWNjZXNzRnJvbnRFbmQtZGV20=ZeBoTubvbGpFCpVXQ9Igm8uajuxWKwU1ooHMLqnw-VPWNEJGMVrg9CJecq2dl1lxtyDd5jvMBt-Sz8hmAu-bnXpm_IsqrO6eQY95kxvMbTU1" />
    </item>
    <item name="HTTP_HOST">
      <value string="sofrelab-iis1.cloudapp.net" />
    </item>
    <item name="HTTP_REFERER">
      <value string="http://sofrelab-iis1.cloudapp.net/CustomerAccessFrontEnd/Policies/Policies" />
    </item>
    <item name="HTTP_USER_AGENT">
      <value string="Mozilla/5.0 (Windows NT 6.3; Win64; x64) AppleWebKit/537.36 (KHTML, like Gecko) Chrome/65.0.3325.181 Safari/537.36" />
    </item>
    <item name="HTTP_UPGRADE_INSECURE_REQUESTS">
      <value string="1" />
    </item>
  </serverVariables>
  <cookies>
    <item name="__RequestVerificationToken_L0N1c3RvbWVyQWNjZXNz0">
      <value string="vStyY4wZWM8mk4d11L3mYAU2ucbD_Rgvc9MXoZb_7mF43rJG0H9-wUECamCikIVViYjgp5N-bDUt-0YWcHMxthf_Gang7NTYLxn_D9wfk2s1" />
    </item>
    <item name="__RequestVerificationToken_L0N1c3RvbWVyQWNjZXNzRnJvbnRFbmQ1">
      <value string="IS7FTmv23p-Na0EzZszoJci8no1-29-c0VNvdgEO9tQWK11XKEiaJl8rjo9wiEp1DRNw2FURZK8nTvhU_8admFYvpPk_j2cuQ8gPpUTo5nU1" />
    </item>
    <item name="ASP.NET_SessionId">
      <value string="kivul2wonx4ebmzwtgtwuorz" />
    </item>
    <item name="__RequestVerificationToken_L0N1c3RvbWVyQWNjZXNzRnJvbnRFbmQtZGV20">
      <value string="ZeBoTubvbGpFCpVXQ9Igm8uajuxWKwU1ooHMLqnw-VPWNEJGMVrg9CJecq2dl1lxtyDd5jvMBt-Sz8hmAu-bnXpm_IsqrO6eQY95kxvMbTU1" />
    </item>
  </cookies>
</error>